{
  "name": "blockwise_ccd_1000",
  "block_config": {
    "0": "identity",
    "1": "shared",
    "2": "context",
    "3": "context"
  },
  "config": {
    "name": "blockwise_ccd_1000",
    "identity_rank": 16,
    "context_rank": 4,
    "shared_rank": 8,
    "num_steps": 1000,
    "learning_rate": 0.0005,
    "use_ccd": true,
    "lambda_ccd": 0.3
  },
  "training_time_s": 147.72498965263367,
  "final_loss_total": 0.17432196132885291,
  "final_loss_diffusion": 0.19104169514364824,
  "final_loss_ppl": 0.1659367105982325,
  "final_loss_ccd": 2.0562475478574465e-06,
  "lora_params": 1492480,
  "lora_param_breakdown": {
    "identity": 503808,
    "context": 353792,
    "shared": 634880
  },
  "lora_size_mb": 5.7257843017578125,
  "lora_b_norm": 0.8004937407094985,
  "metrics": {
    "dino_score": 0.4210544228553772,
    "cae": 0.001026508320743839,
    "clip_t_score": 0.2643284201622009,
    "clip_i_score": 0.8028215169906616,
    "vqa_alignment": 0.8624999999999999,
    "lpips_diversity": 0.7581812323945941
  }
}