{
  "name": "blockwise_16_4_8",
  "block_config": {
    "0": "identity",
    "1": "shared",
    "2": "context",
    "3": "context"
  },
  "identity_rank": 16,
  "context_rank": 4,
  "shared_rank": 8,
  "training_steps": 200,
  "training_time_s": 19.74730634689331,
  "final_loss_total": 0.16839462280273437,
  "final_loss_diffusion": 0.22608605553122127,
  "final_loss_ppl": 0.13867479382139264,
  "lora_params": 1492480,
  "lora_param_breakdown": {
    "identity": 503808,
    "context": 353792,
    "shared": 634880
  },
  "lora_size_mb": 2.878997802734375,
  "metrics": {
    "dino_score": 0.37200331687927246,
    "clip_t_score": 0.2407732903957367,
    "clip_i_score": 0.8017375469207764,
    "vqa_alignment": 0.6666666666666666,
    "lpips_diversity": 0.7133177618185679
  }
}