{
  "masked": {
    "clip_t": 0.2826634645462036,
    "dino_vs_dog": 0.3366515040397644,
    "dino_vs_cat": 0.2814762592315674,
    "iis": 0.0717805027961731,
    "dog_correct_sim": 0.29370272159576416,
    "cat_correct_sim": 0.2701645791530609,
    "dog_cross_sim": 0.21172916889190674,
    "cat_cross_sim": 0.20857712626457214,
    "composition_diversity": 0.5470828587810198
  },
  "naive": {
    "clip_t": 0.267864465713501,
    "dino_vs_dog": 0.36553359031677246,
    "dino_vs_cat": 0.29596856236457825,
    "iis": 0.015368148684501648,
    "dog_correct_sim": 0.3059733510017395,
    "cat_correct_sim": 0.2545356750488281,
    "dog_cross_sim": 0.2773542106151581,
    "cat_cross_sim": 0.25241851806640625,
    "composition_diversity": 0.43096168463428813
  },
  "total_time_s": 95.92541790008545
}