{
  "name": "ccd_lambda_10",
  "block_config": {
    "0": "identity",
    "1": "shared",
    "2": "context",
    "3": "context"
  },
  "config": {
    "name": "ccd_lambda_10",
    "identity_rank": 16,
    "context_rank": 4,
    "shared_rank": 8,
    "num_steps": 500,
    "learning_rate": 0.0005,
    "use_ccd": true,
    "lambda_ccd": 1.0
  },
  "training_time_s": 83.7292833328247,
  "final_loss_total": 0.170634046792984,
  "final_loss_diffusion": 0.1977877816754187,
  "final_loss_ppl": 0.15701555131791947,
  "final_loss_ccd": 2.128860255177289e-06,
  "lora_params": 1492480,
  "lora_param_breakdown": {
    "identity": 503808,
    "context": 353792,
    "shared": 634880
  },
  "lora_size_mb": 5.7257843017578125,
  "lora_b_norm": 0.5145293774548918,
  "metrics": {
    "dino_score": 0.4051549434661865,
    "cae": 0.0011847876012325287,
    "clip_t_score": 0.26457440853118896,
    "clip_i_score": 0.7764937281608582,
    "vqa_alignment": 0.8291666666666666,
    "lpips_diversity": 0.7997723944259413
  }
}