{
  "name": "ccd_lambda_05",
  "block_config": {
    "0": "identity",
    "1": "shared",
    "2": "context",
    "3": "context"
  },
  "config": {
    "name": "ccd_lambda_05",
    "identity_rank": 16,
    "context_rank": 4,
    "shared_rank": 8,
    "num_steps": 500,
    "learning_rate": 0.0005,
    "use_ccd": true,
    "lambda_ccd": 0.5
  },
  "training_time_s": 83.17623329162598,
  "final_loss_total": 0.1706694096326828,
  "final_loss_diffusion": 0.1978103729065307,
  "final_loss_ppl": 0.15705771918769354,
  "final_loss_ccd": 2.2694195468259874e-06,
  "lora_params": 1492480,
  "lora_param_breakdown": {
    "identity": 503808,
    "context": 353792,
    "shared": 634880
  },
  "lora_size_mb": 5.7257843017578125,
  "lora_b_norm": 0.5098440311849117,
  "metrics": {
    "dino_score": 0.3673691749572754,
    "cae": 0.00118947122246027,
    "clip_t_score": 0.2681243121623993,
    "clip_i_score": 0.7763434648513794,
    "vqa_alignment": 0.8250000000000001,
    "lpips_diversity": 0.7849946834824302
  }
}