{
  "masked": {
    "clip_t": 0.2778511047363281,
    "dino_vs_dog": 0.33521708846092224,
    "dino_vs_cat": 0.29539555311203003,
    "iis": 0.12302705645561218,
    "dog_correct_sim": 0.31919342279434204,
    "cat_correct_sim": 0.3348256051540375,
    "dog_cross_sim": 0.20169036090373993,
    "cat_cross_sim": 0.20627455413341522,
    "composition_diversity": 0.5294113382697105
  },
  "naive": {
    "clip_t": 0.2730955481529236,
    "dino_vs_dog": 0.3859102427959442,
    "dino_vs_cat": 0.28297799825668335,
    "iis": 0.044550277292728424,
    "dog_correct_sim": 0.3214206099510193,
    "cat_correct_sim": 0.2752331495285034,
    "dog_cross_sim": 0.26922130584716797,
    "cat_cross_sim": 0.2383318990468979,
    "composition_diversity": 0.476546751956145
  },
  "total_time_s": 120.83504247665405
}